<?xml version="1.0" encoding="UTF-8"?>
<project-private xmlns="http://www.netbeans.org/ns/project-private/1">
    <editor-bookmarks xmlns="http://www.netbeans.org/ns/editor-bookmarks/2" lastBookmarkId="0"/>
    <open-files xmlns="http://www.netbeans.org/ns/projectui-open-files/2">
        <group>
            <file>file:/E:/java/Collection_PP/src/com/cg/collection/pp/bean/Customer.java</file>
            <file>file:/E:/java/Collection_PP/src/com/cg/collection/pp/service/BankService.java</file>
            <file>file:/E:/java/Collection_PP/src/com/cg/collection/pp/exception/UserDefineException.java</file>
            <file>file:/E:/java/Collection_PP/src/com/cg/collection/pp/ui/BankMenu.java</file>
            <file>file:/E:/java/Collection_PP/src/com/cg/collection/pp/dao/BankDAO.java</file>
        </group>
    </open-files>
</project-private>
